Tracker Project Name,Tracker Name Key,SCH Client Name,SCH Name Key,Approved,Match Type,Last Reviewed,Notes
AEGIS PRECISION PVT LTD // SHIMNIT INDIA PVT. LTD,aegisprecisionpvtltdshimnitindiapvtltd,AEGIS PRECISION PVT LTD,aegisprecisionpvtltd,True,Alias Review Tracker_to_SCH,31-Jul-2026,Approved from Alias_Matching_Review workbook.
AKRITI PHARMACEUTICALS PVT LTD,akritipharmaceuticalspvtltd,AKRITI PHARMACEUTICALS PVT LTD,akritipharmaceuticalspvtltd,True,Alias Review Tracker_to_SCH,18-Sep-2026,Approved from Alias_Matching_Review workbook.
ALLIED INSTRUMENTS PRIVATE LIMITED,alliedinstrumentspvtltd,ALLIED INSTRUMENTS PRIVATE LIMITED,alliedinstrumentspvtltd,True,Alias Review Tracker_to_SCH,31-Jul-2026,Approved from Alias_Matching_Review workbook.
AMAL EMBROIDERIES PVT. LTD,amalembroideriespvtltd,AMAL EMBROIDERIES PRIVATE LIMITED,amalembroideriespvtltd,True,Alias Review Tracker_to_SCH,31-Jul-2026,Approved from Alias_Matching_Review workbook.
ANSHUTECH AIR CONDITIONING PVT. LTD. NX,anshutechairconditioningpvtltdnx,ANSHUTECH AIR CONDITIONING PVT. LTD. NX,anshutechairconditioningpvtltdnx,True,Alias Review Tracker_to_SCH,31-Jul-2026,Approved from Alias_Matching_Review workbook.
ANS NG,ansng,ANS NG,ansng,True,Alias Review Tracker_to_SCH,31-Jul-2026,Approved from Alias_Matching_Review workbook.
APLAB LIMITED (FOR CONTRACT LICENSE),aplabltdforcontractlicense,APLAB LIMITED (FOR CONTRACT LICENSE),aplabltdforcontractlicense,True,Alias Review Tracker_to_SCH,31-Jul-2026,Approved from Alias_Matching_Review workbook.
APLAB LIMITED (FOR STAFF LICENSE),aplabltdforstafflicense,APLAB LIMITED (FOR STAFF LICENSE),aplabltdforstafflicense,True,Alias Review Tracker_to_SCH,31-Jul-2026,Approved from Alias_Matching_Review workbook.
Aquaair International Frieght Services,aquaairintlfrieghtservices,AQUAAIR INTERNATIONAL FREIGHT SERVICES,aquaairintlfreightservices,True,Alias Review Tracker_to_SCH,31-Jul-2026,Approved from Alias_Matching_Review workbook.
ARS STEELS & ALLOY INTERNATIONAL PVT. LTD / ARS GROUP,arssteelsalloyintlpvtltdarsgroup,ARS STEELS & ALLOY INTERNATIONAL PVT. LTD,arssteelsalloyintlpvtltd,True,Alias Review Tracker_to_SCH,31-Jul-2026,Approved from Alias_Matching_Review workbook.
BASANT OVERSEAS,basantoverseas,BASANT OVERSEAS,basantoverseas,True,Alias Review Tracker_to_SCH,31-Jul-2026,Approved from Alias_Matching_Review workbook.
Bengal Energy_Staff,bengalenergystaff,BENGAL ENERGY LTD- STAFF,bengalenergyltdstaff,True,Alias Review Tracker_to_SCH,31-Jul-2026,Approved from Alias_Matching_Review workbook.
Bengal Energy_Worker,bengalenergyworker,BENGAL ENERGY LTD- CONTRACTUAL,bengalenergyltdcontractual,True,Alias Review Tracker_to_SCH,31-Jul-2026,Approved from Alias_Matching_Review workbook.
BFMS FACILITY MANAGEMENT PVT LTD,bfmsfacilitymanagementpvtltd,BFMS FACILITY MANAGEMENT PVT LTD,bfmsfacilitymanagementpvtltd,True,Alias Review Tracker_to_SCH,31-Jul-2026,Approved from Alias_Matching_Review workbook.
BRIGHT BROTHERS LTD. / BRITE,brightbrothersltdbrite,BRIGHT BROTHERS LTD,brightbrothersltd,True,Alias Review Tracker_to_SCH,31-Jul-2026,Approved from Alias_Matching_Review workbook.
CAM TOOLS INDUSTRIES PVT LTD / DIGITAL TOOL ROOM,camtoolsindustriespvtltddigitaltoolroom,CAM TOOLS INDUSTRIES PVT LTD,camtoolsindustriespvtltd,True,Alias Review Tracker_to_SCH,31-Jul-2026,Approved from Alias_Matching_Review workbook.
Cartfire India,cartfireindia,CARTFIRE INDIA,cartfireindia,True,Alias Review Tracker_to_SCH,31-Jul-2026,Approved from Alias_Matching_Review workbook.
CENTRE FOR URBANIZATION BUILDINGS AND ENVIRONMENT (CUBE IITM),centreforurbanizationbuildingsandenvironmentcubeiitm,CENTRE FOR URBANIZATION BUILDINGS,centreforurbanizationbuildings,True,Alias Review Tracker_to_SCH,31-Jul-2026,Approved from Alias_Matching_Review workbook.
CIRCLE RESOURCES PRIVATE LIMITED,circleresourcespvtltd,CIRCLE RESOURCES PRIVATE LIMITED,circleresourcespvtltd,True,Alias Review Tracker_to_SCH,31-Jul-2026,Approved from Alias_Matching_Review workbook.
CONTENDRE GREENERGY LIMITED,contendregreenergyltd,CONTENDRE GREENERGY LIMITED,contendregreenergyltd,True,Alias Review Tracker_to_SCH,31-Jul-2026,Approved from Alias_Matching_Review workbook.
CRYOGAS EQUIPMENT PRIVATE LIMITED/CRYOGAS INDIA,cryogasequipmentpvtltdcryogasindia,CRYOGAS EQUIPMENT PRIVATE LIMITED NG,cryogasequipmentpvtltdng,True,Alias Review Tracker_to_SCH,31-Jul-2026,Approved from Alias_Matching_Review workbook.
DRS EARTHWORK PRIVATE LIMITED,drsearthworkpvtltd,DRS EARTHWORK PRIVATE LIMITED,drsearthworkpvtltd,True,Alias Review Tracker_to_SCH,31-Jul-2026,Approved from Alias_Matching_Review workbook.
ELECTROSTEEL CASTINGS LTD / ELECTROSTEEL GROUP,electrosteelcastingsltdelectrosteelgroup,ELECTROSTEEL CASTINGS LTD,electrosteelcastingsltd,True,Alias Review Tracker_to_SCH,31-Jul-2026,Approved from Alias_Matching_Review workbook.
Elixrr Industries Pvt. Ltd.,elixrrindustriespvtltd,ELIXRR INDUSTRIES PVT LTD.,elixrrindustriespvtltd,True,Alias Review Tracker_to_SCH,31-Jul-2026,Approved from Alias_Matching_Review workbook.
EMPREO PREMIUM PVT LTD,empreopremiumpvtltd,EMPREO PREMIUM PVT LTD,empreopremiumpvtltd,True,Alias Review Tracker_to_SCH,31-Jul-2026,Approved from Alias_Matching_Review workbook.
EMPREO WHEEL PVT LIMITED (MG),empreowheelpvtltdmg,EMPREO WHEEL PVT LIMITED (MG),empreowheelpvtltdmg,True,Alias Review Tracker_to_SCH,31-Jul-2026,Approved from Alias_Matching_Review workbook.
ESCON ELEVATORS PVT. LTD.,esconelevatorspvtltd,ESCON ELEVATORS PVT. LTD.,esconelevatorspvtltd,True,Alias Review Tracker_to_SCH,31-Jul-2026,Approved from Alias_Matching_Review workbook.
EVERGREEN HOUSEKEEPING SERVICES PRIVATE / EVERGREEN FACILITY SOLUTIONS,evergreenhousekeepingservicespvtevergreenfacilitysolutions,EVERGREEN HOUSEKEEPING SERVICES PRIVATE,evergreenhousekeepingservicespvt,True,Alias Review Tracker_to_SCH,31-Jul-2026,Approved from Alias_Matching_Review workbook.
FEATHERTOUCH LEARNING PRIVATE LIMITED / FEATHER TOUH DAY CARE,feathertouchlearningpvtltdfeathertouhdaycare,FEATHERTOUCH LEARNING PRIVATE LIMITED,feathertouchlearningpvtltd,True,Alias Review Tracker_to_SCH,31-Jul-2026,Approved from Alias_Matching_Review workbook.
FFSERVICES PRIVATE LIMITED,ffservicespvtltd,FFSERVICES PRIVATE LIMITED,ffservicespvtltd,True,Alias Review Tracker_to_SCH,31-Jul-2026,Approved from Alias_Matching_Review workbook.
FUJIYAMA POWER SYSTEM (UTL),fujiyamapowersystemutl,FUJIYAMA POWER SYSTEMS LIMITED,fujiyamapowersystemsltd,True,Alias Review Tracker_to_SCH,31-Jul-2026,Approved from Alias_Matching_Review workbook.
GCOM SYSTEMS AND SOLUTIONS (OUR LADY OF SALVATION),gcomsystemsandsolutionsourladyofsalvation,GCOM SYSTEMS AND SOLUTIONS (OUR LADY OF SALVATION),gcomsystemsandsolutionsourladyofsalvation,True,Alias Review Tracker_to_SCH,31-Jul-2026,Approved from Alias_Matching_Review workbook.
GNG ELECTRONICS LIMITED FACTORY,gngelectronicsltdfactory,GNG ELECTRONICS LIMITED FACTORY,gngelectronicsltdfactory,True,Alias Review Tracker_to_SCH,31-Jul-2026,Approved from Alias_Matching_Review workbook.
GNG ELECTRONICS LIMITED STAFF,gngelectronicsltdstaff,GNG ELECTRONICS LIMITED STAFF,gngelectronicsltdstaff,True,Alias Review Tracker_to_SCH,31-Jul-2026,Approved from Alias_Matching_Review workbook.
Hardcarb Technologies Private Limited,hardcarbtechpvtltd,HARDCARB TECHNOLOGIES PRIVATE LIMITED,hardcarbtechpvtltd,True,Alias Review Tracker_to_SCH,31-Jul-2026,Approved from Alias_Matching_Review workbook.
HARDCARB TECHNOLOGIES PVT. LTD. / VAUTID-SHAH HARDFACE PVT. LTD. - STAFF LICENSE,hardcarbtechpvtltdvautidshahhardfacepvtltdstafflicense,HARDCARB TECHNOLOGIES PVT. LTD - STAFF,hardcarbtechpvtltdstaff,True,Alias Review Tracker_to_SCH,31-Jul-2026,Approved from Alias_Matching_Review workbook.
HELL ENERGY PVT LTD,hellenergypvtltd,HELL ENERGY PVT LTD,hellenergypvtltd,True,Alias Review Tracker_to_SCH,18-Sep-2026,Approved from Alias_Matching_Review workbook.
ILEAF RITZ BANQUETS,ileafritzbanquets,ILEAF RITZ BANQUETS,ileafritzbanquets,True,Alias Review Tracker_to_SCH,31-Jul-2026,Approved from Alias_Matching_Review workbook.
INDIANA GROUP / INDIANA GRATINGS PRIVATE LIMITED,indianagroupindianagratingspvtltd,INDIANA GRATINGS PVT LTD,indianagratingspvtltd,True,Alias Review Tracker_to_SCH,31-Jul-2026,Approved from Alias_Matching_Review workbook.
Infexn Laboratories,infexnlaboratories,INFEXN LABORATORIES PVT LTD,infexnlaboratoriespvtltd,True,Alias Review Tracker_to_SCH,31-Jul-2026,Approved from Alias_Matching_Review workbook.
INTEGRATED PEST MANAGEMENT SOLUTIONS (INDIA) PVT. LTD. (IPMS INDIA),integratedpestmanagementsolutionsindiapvtltdipmsindia,INTEGRATED PEST MANAGEMENT SOLUTIONS INDIA,integratedpestmanagementsolutionsindia,True,Alias Review Tracker_to_SCH,31-Jul-2026,Approved from Alias_Matching_Review workbook.
ISA Logistics Private Limited,isalogisticspvtltd,ISA LOGISTICS PRIVATE LIMITED,isalogisticspvtltd,True,Alias Review Tracker_to_SCH,31-Jul-2026,Approved from Alias_Matching_Review workbook.
JIET MEDICAL COLLEGE HOSPITAL,jietmedicalcollegehospital,JIET MEDICAL COLLEGE HOSPITAL,jietmedicalcollegehospital,True,Alias Review Tracker_to_SCH,18-Sep-2026,Approved from Alias_Matching_Review workbook.
KARVY TECHNOLOGIES PVT LTD,karvytechpvtltd,KARVY TECHNOLOGIES PVT. LTD.,karvytechpvtltd,True,Alias Review Tracker_to_SCH,31-Jul-2026,Approved from Alias_Matching_Review workbook.
LOTUS TEXCOM INDIA LLP,lotustexcomindiallp,LOTUS TEXCOM INDIA LLP,lotustexcomindiallp,True,Alias Review Tracker_to_SCH,31-Jul-2026,Approved from Alias_Matching_Review workbook.
MADHUSUMAN ENTERPRISES (MSE) HVAC SERVICES INDIA,madhusumanenterprisesmsehvacservicesindia,MADHUSUMAN ENTERPRISES,madhusumanenterprises,True,Alias Review Tracker_to_SCH,31-Jul-2026,Approved from Alias_Matching_Review workbook.
MADURA INDUSTRIAL TEXTILES LIMITED,maduraindustrialtextilesltd,MADURA INDUSTRIAL TEXTILES LIMITED.,maduraindustrialtextilesltd,True,Alias Review Tracker_to_SCH,31-Jul-2026,Approved from Alias_Matching_Review workbook.
Maharashtra Book Manufacturing,maharashtrabookmanufacturing,MAHARASHTRA BOOK MANUFACTURING COMPANY NX,maharashtrabookmanufacturingconx,True,Alias Review Tracker_to_SCH,31-Jul-2026,Approved from Alias_Matching_Review workbook.
MAHWS OILFIELD SERVICES PRIVATE LIMITED,mahwsoilfieldservicespvtltd,MAHWS OILFIELD SERVICES PRIVATE LIMITED,mahwsoilfieldservicespvtltd,True,Alias Review Tracker_to_SCH,31-Jul-2026,Approved from Alias_Matching_Review workbook.
MANJUSHREE INNOVATIONS PVT. LTD,manjushreeinnovationspvtltd,MANJUSHREE INNOVATIONS PRIVATE LIMITED,manjushreeinnovationspvtltd,True,Alias Review Tracker_to_SCH,31-Jul-2026,Approved from Alias_Matching_Review workbook.
Mansha Agencies,manshaagencies,MANSHA AGENCIES PVT LTD,manshaagenciespvtltd,True,Alias Review Tracker_to_SCH,31-Jul-2026,Approved from Alias_Matching_Review workbook.
MARU CONSULTANCY SERVICES,maruconsultancyservices,MARU CONSULTANCY SERVICES,maruconsultancyservices,True,Alias Review Tracker_to_SCH,31-Jul-2026,Approved from Alias_Matching_Review workbook.
MEDIPULSE HOSPITAL,medipulsehospital,MEDIPULSE HOSPITAL,medipulsehospital,True,Alias Review Tracker_to_SCH,31-Jul-2026,Approved from Alias_Matching_Review workbook.
MESPACK INDIA PVT. LTD,mespackindiapvtltd,MESPACK INDIA PVT. LTD,mespackindiapvtltd,True,Alias Review Tracker_to_SCH,31-Jul-2026,Approved from Alias_Matching_Review workbook.
MICROPOINT COMPUTERS PRIVATE LIMITED NX,micropointcomputerspvtltdnx,MICROPOINT COMPUTERS PRIVATE LIMITED NX,micropointcomputerspvtltdnx,True,Alias Review Tracker_to_SCH,31-Jul-2026,Approved from Alias_Matching_Review workbook.
Muktangan Education Trust,muktanganeducationtrust,MUKTANGAN EDUCATION TRUST. NX,muktanganeducationtrustnx,True,Alias Review Tracker_to_SCH,31-Jul-2026,Approved from Alias_Matching_Review workbook.
MULTI ORGANICS PVT LTD,multiorganicspvtltd,MULTI ORGANICS PVT LTD,multiorganicspvtltd,True,Alias Review Tracker_to_SCH,31-Jul-2026,Approved from Alias_Matching_Review workbook.
NAGRIK CONSULTANCY SERVICES,nagrikconsultancyservices,NAGRIK CONSULTANCY SERVICES,nagrikconsultancyservices,True,Alias Review Tracker_to_SCH,31-Jul-2026,Approved from Alias_Matching_Review workbook.
NAIK MOTORS -GOA LOC,naikmotorsgoaloc,NAIK MOTORS -GOA LOC,naikmotorsgoaloc,True,Alias Review Tracker_to_SCH,31-Jul-2026,Approved from Alias_Matching_Review workbook.
NAIK MOTORS / NAIK MAHINDRA - RATNAGIRI LOC,naikmotorsnaikmahindraratnagiriloc,NAIK MOTORS - RATNAGIRI LOC,naikmotorsratnagiriloc,True,Alias Review Tracker_to_SCH,31-Jul-2026,Approved from Alias_Matching_Review workbook.
NATIONAL BULK HANDLING CORPORATION PRIVATE LIMITED,nationalbulkhandlingcorporationpvtltd,NATIONAL BULK HANDLING CORPORATION PRIVATE LIMITED,nationalbulkhandlingcorporationpvtltd,True,Alias Review Tracker_to_SCH,31-Jul-2026,Approved from Alias_Matching_Review workbook.
NIKIKA ENTERPRISES LLP,nikikaenterprisesllp,NIKIKA ENTERPRISES LLP,nikikaenterprisesllp,True,Alias Review Tracker_to_SCH,31-Jul-2026,Approved from Alias_Matching_Review workbook.
NIVAN BALAJI AUTOMOVERS PRIVATE LIMITED / BALAJI KIA - CAR SHOWROOM,nivanbalajiautomoverspvtltdbalajikiacarshowroom,NIVAN BALAJI AUTOMOVERS PRIVATE LIMITED,nivanbalajiautomoverspvtltd,True,Alias Review Tracker_to_SCH,31-Jul-2026,Approved from Alias_Matching_Review workbook.
NPSE AUTOMATION PVT. LTD,npseautomationpvtltd,NPSE AUTOMATION PVT. LTD.,npseautomationpvtltd,True,Alias Review Tracker_to_SCH,31-Jul-2026,Approved from Alias_Matching_Review workbook.
ONETEAM LOGISTICS INDIA PRIVATE LIMITED,oneteamlogisticsindiapvtltd,ONETEAM LOGISTICS INDIA PRIVATE LIMITED,oneteamlogisticsindiapvtltd,True,Alias Review Tracker_to_SCH,31-Jul-2026,Approved from Alias_Matching_Review workbook.
PANKAJ FASHION PVT LTD,pankajfashionpvtltd,PANKAJ FASHION PVT LTD,pankajfashionpvtltd,True,Alias Review Tracker_to_SCH,31-Jul-2026,Approved from Alias_Matching_Review workbook.
PARADISE GROUP,paradisegroup,PARADISE GROUP,paradisegroup,True,Alias Review Tracker_to_SCH,31-Jul-2026,Approved from Alias_Matching_Review workbook.
Parbhani Medical College,parbhanimedicalcollege,PARBHANI MEDICAL COLLEGE (PMC),parbhanimedicalcollegepmc,True,Alias Review Tracker_to_SCH,31-Jul-2026,Approved from Alias_Matching_Review workbook.
PISCES CONTAINER LINES INDIA PVT. LTD.,piscescontainerlinesindiapvtltd,PISCES CONTAINER LINES INDIA PVT. LTD.,piscescontainerlinesindiapvtltd,True,Alias Review Tracker_to_SCH,31-Jul-2026,Approved from Alias_Matching_Review workbook.
PRIJAI HEAT EXCHANGERS PVT. LTD.,prijaiheatexchangerspvtltd,PRIJAI HEAT EXCHANGERS PRIVATE LIMITED NG,prijaiheatexchangerspvtltdng,True,Alias Review Tracker_to_SCH,31-Jul-2026,Approved from Alias_Matching_Review workbook.
QUALIGENS PHARMA PVT. LTD,qualigenspharmapvtltd,QUALIGENS PHARMA PVT. LTD.,qualigenspharmapvtltd,True,Alias Review Tracker_to_SCH,31-Jul-2026,Approved from Alias_Matching_Review workbook.
RADIX ELECTROSYSTEMS PVT LTD,radixelectrosystemspvtltd,RADIX ELECTROSYSTEMS PVT LTD,radixelectrosystemspvtltd,True,Alias Review Tracker_to_SCH,31-Jul-2026,Approved from Alias_Matching_Review workbook.
RAJESHWARI INFOTEL PVT. LTD. (RIPL),rajeshwariinfotelpvtltdripl,RAJESHWARI INFOTEL PVT. LTD,rajeshwariinfotelpvtltd,True,Alias Review Tracker_to_SCH,31-Jul-2026,Approved from Alias_Matching_Review workbook.
ROYAL EMBROIDERY THREADS PVT.LTD.,royalembroiderythreadspvtltd,ROYAL EMBROIDERY THREADS PVT.LTD.,royalembroiderythreadspvtltd,True,Alias Review Tracker_to_SCH,31-Jul-2026,Approved from Alias_Matching_Review workbook.
RUPA SOLUTIONS PRIVATE LIMITED / RUPA GROUP / RUPA PROPERTIES,rupasolutionspvtltdrupagrouprupaproperties,RUPA SOLUTIONS PRIVATE LIMITED,rupasolutionspvtltd,True,Alias Review Tracker_to_SCH,31-Jul-2026,Approved from Alias_Matching_Review workbook.
SACRED HEART HOSPITAL JAL,sacredhearthospitaljal,SACRED HEART HOSPITAL JAL,sacredhearthospitaljal,True,Alias Review Tracker_to_SCH,31-Jul-2026,Approved from Alias_Matching_Review workbook.
SETHWALA FOODS LTD,sethwalafoodsltd,SETHWALA FOODS LTD,sethwalafoodsltd,True,Alias Review Tracker_to_SCH,31-Jul-2026,Approved from Alias_Matching_Review workbook.
SEVENTY SEVEN ENTERTAINMENT PVT. LTD,seventysevenentertainmentpvtltd,SEVENTY SEVEN ENTERTAINMENT PVT. LTD.,seventysevenentertainmentpvtltd,True,Alias Review Tracker_to_SCH,31-Jul-2026,Approved from Alias_Matching_Review workbook.
SHREE DHOLI SATI TEXTILES PRIVATE LIMITED,shreedholisatitextilespvtltd,SHREE DHOLI SATI TEXTILES PRIVATE LIMITED,shreedholisatitextilespvtltd,True,Alias Review Tracker_to_SCH,31-Jul-2026,Approved from Alias_Matching_Review workbook.
SHREEKHETRA AUTOMOTIVE (TATA),shreekhetraautomotivetata,SHREEKHETRA AUTOMOTIVE (TATA),shreekhetraautomotivetata,True,Alias Review Tracker_to_SCH,31-Jul-2026,Approved from Alias_Matching_Review workbook.
SHREE RAMDEV METALEX LLP / RAMDEV GROUP,shreeramdevmetalexllpramdevgroup,SHREE RAMDEV METALEX LLP,shreeramdevmetalexllp,True,Alias Review Tracker_to_SCH,31-Jul-2026,Approved from Alias_Matching_Review workbook.
SHRI JANARDAN SWAMI HOSPITAL (SJS),shrijanardanswamihospitalsjs,RASHTRASANT JANARDHAN SWAMI GROUP OF INSTITUTES,rashtrasantjanardhanswamigroupofinstitutes,True,Alias Review Tracker_to_SCH,31-Jul-2026,Approved from Alias_Matching_Review workbook.
S K Traders,sktraders,S K TRADERS NX,sktradersnx,True,Alias Review Tracker_to_SCH,31-Jul-2026,Approved from Alias_Matching_Review workbook.
Sky Prints,skyprints,SKY PRINTS,skyprints,True,Alias Review Tracker_to_SCH,31-Jul-2026,Approved from Alias_Matching_Review workbook.
SNAPWORK TECHNOLOGIES PVT LTD,snapworktechpvtltd,SNAPWORK TECHNOLOGIES PRIVATE LIMITED,snapworktechpvtltd,True,Alias Review Tracker_to_SCH,31-Jul-2026,Approved from Alias_Matching_Review workbook.
SREE METALIKS LTD,sreemetaliksltd,SREE METALIKS LTD,sreemetaliksltd,True,Alias Review Tracker_to_SCH,31-Jul-2026,Approved from Alias_Matching_Review workbook.
STEAM HARBOUR LOGISTICS PVT LTD,steamharbourlogisticspvtltd,STEAM HARBOUR LOGISTICS PRIVATE LIMITED,steamharbourlogisticspvtltd,True,Alias Review Tracker_to_SCH,31-Jul-2026,Approved from Alias_Matching_Review workbook.
STEAM PULSE INDIA PVT LTD,steampulseindiapvtltd,STEAM HARBOUR LOGISTICS PRIVATE LIMITED,steamharbourlogisticspvtltd,True,Alias Review Tracker_to_SCH,31-Jul-2026,Approved from Alias_Matching_Review workbook.
STERLING LIFESTYLE LLP,sterlinglifestylellp,STERLING LIFESTYLE LLP,sterlinglifestylellp,True,Alias Review Tracker_to_SCH,18-Sep-2026,Approved from Alias_Matching_Review workbook.
STORM FINANCIAL SERVICES,stormfinancialservices,STORM FINANCIAL SERVICES,stormfinancialservices,True,Alias Review Tracker_to_SCH,31-Jul-2026,Approved from Alias_Matching_Review workbook.
SUNRISE FOODS BANGALORE,sunrisefoodsbangalore,SUNRISE FOODS BANGALORE,sunrisefoodsbangalore,True,Alias Review Tracker_to_SCH,31-Jul-2026,Approved from Alias_Matching_Review workbook.
SVS ENGINEERING / RAMYASRI ELECTRICAL AUTOMATION,svsengineeringramyasrielectricalautomation,RAMYASRI ELECTRICAL AUTOMATION,ramyasrielectricalautomation,True,Alias Review Tracker_to_SCH,31-Jul-2026,Approved from Alias_Matching_Review workbook.
SYMBIOSIS CENTRE FOR DISTANCE LEARNING/SYMBIOSIS OPEN EDUCATION SOCIETY (SDCL),symbiosiscentrefordistancelearningsymbiosisopeneducationsocietysdcl,SYMBIOSIS CENTRE FOR DISTANCE LEARNING (SDCL),symbiosiscentrefordistancelearningsdcl,True,Alias Review Tracker_to_SCH,31-Jul-2026,Approved from Alias_Matching_Review workbook.
TARASAFE INTERNATIONAL PRIVATE LIMITED_STAFF,tarasafeintlpvtlimitedstaff,TARASAFE INTERNATIONAL PVT LTD. STAFF LICENSE,tarasafeintlpvtltdstafflicense,True,Alias Review Tracker_to_SCH,31-Jul-2026,Approved from Alias_Matching_Review workbook.
TARASAFE INTERNATIONAL PRIVATE LIMITED_WORKER,tarasafeintlpvtlimitedworker,TARASAFE INTERNATIONAL PVT LTD WORKER LICENSE,tarasafeintlpvtltdworkerlicense,True,Alias Review Tracker_to_SCH,31-Jul-2026,Approved from Alias_Matching_Review workbook.
THE NATIONAL SPORTS CLUB OF INDIA,thenationalsportsclubofindia,NATIONAL SPORTS CLUB OF INDIA NX,nationalsportsclubofindianx,True,Alias Review Tracker_to_SCH,31-Jul-2026,Approved from Alias_Matching_Review workbook.
TRIO JEWELS PVT LTD,triojewelspvtltd,TRIO JEWELS PVT LTD,triojewelspvtltd,True,Alias Review Tracker_to_SCH,31-Jul-2026,Approved from Alias_Matching_Review workbook.
TRIO JEWELS PVT LTD Contractual,triojewelspvtltdcontractual,TRIO JEWELS PVT LTD,triojewelspvtltd,True,Alias Review Tracker_to_SCH,31-Jul-2026,Approved from Alias_Matching_Review workbook.
TRISHUL ELECTROMECH ENGINEERING INDIA PVT.LTD. / TRISHUL GROUP,trishulelectromechengineeringindiapvtltdtrishulgroup,TRISHUL ELECTROMECH ENGINEERING INDIA PVT.LTD.,trishulelectromechengineeringindiapvtltd,True,Alias Review Tracker_to_SCH,31-Jul-2026,Approved from Alias_Matching_Review workbook.
UNITED AIR EXPRESS,unitedairexpress,UNITED AIR EXPRESS,unitedairexpress,True,Alias Review Tracker_to_SCH,31-Jul-2026,Approved from Alias_Matching_Review workbook.
VABA,vaba,VABA,vaba,True,Alias Review Tracker_to_SCH,31-Jul-2026,Approved from Alias_Matching_Review workbook.
V ALLIANCE NX,valliancenx,V ALLIANCE NX,valliancenx,True,Alias Review Tracker_to_SCH,31-Jul-2026,Approved from Alias_Matching_Review workbook.
VED INDUSTRIES/ ROHIDA GROUP - POC LICENSE,vedindustriesrohidagrouppoclicense,VED INDUSTRIES POC,vedindustriespoc,True,Alias Review Tracker_to_SCH,31-Jul-2026,Approved from Alias_Matching_Review workbook.
VIPUL ORGANICS LTD. - STAFF,vipulorganicsltdstaff,VIPUL ORGANICS LTD. - STAFF,vipulorganicsltdstaff,True,Alias Review Tracker_to_SCH,31-Jul-2026,Approved from Alias_Matching_Review workbook.
VIVID ELECTROMECH LTD. / VIVID GROUP,vividelectromechltdvividgroup,VIVID ELECTROMECH LIMITED,vividelectromechltd,True,Alias Review Tracker_to_SCH,31-Jul-2026,Approved from Alias_Matching_Review workbook.
WHISTLING WOODS INTERNATIONAL,whistlingwoodsintl,WHISTLING WOODS INTERNATIONAL,whistlingwoodsintl,True,Alias Review Tracker_to_SCH,31-Jul-2026,Approved from Alias_Matching_Review workbook.
YUVA PARIVARTAN KHERWADI SOCIAL WELFARE ASSOCIATION,yuvaparivartankherwadisocialwelfareassociation,KHERWADI SOCIAL WELFARE ASSOCIATION,kherwadisocialwelfareassociation,True,Alias Review Tracker_to_SCH,31-Jul-2026,Approved from Alias_Matching_Review workbook.
