Project Name,Tracker Name Key,Outlook Group / To,CC,Enabled,Notes
THE NATIONAL SPORTS CLUB OF INDIA,thenationalsportsclubofindia,,,No,Add Outlook group/email here when ready.
MEDIPULSE HOSPITAL,medipulsehospital,MEDIPULSE HOSPITAL <medipulsehospital@spinetechnologies.in>,,Yes,Add Outlook group/email here when ready.
PARADISE GROUP,paradisegroup,,,No,Add Outlook group/email here when ready.
WHISTLING WOODS INTERNATIONAL,whistlingwoodsintl,WHISTLING WOODS INTERNATIONAL <whistlingwoodsinternational@spinetechnologies.in>,,Yes,Add Outlook group/email here when ready.
NAIK MOTORS -GOA LOC,naikmotorsgoaloc,NAIK MOTORS <naikmotors@spinetechnologies.in>,,Yes,Add Outlook group/email here when ready.
NAIK MOTORS / NAIK MAHINDRA - RATNAGIRI LOC,naikmotorsnaikmahindraratnagiriloc,,,No,Add Outlook group/email here when ready.
FEATHERTOUCH LEARNING PRIVATE LIMITED / FEATHER TOUH DAY CARE,feathertouchlearningpvtltdfeathertouhdaycare,FEATHERTOUCH LEARNING PRIVATE LIMITED <feathertouchlearningprivatelimited@spinetechnologies.in>,,Yes,Add Outlook group/email here when ready.
SUVARNA DURGA GROUP (SDG) / SUVARNA DURGA PAPER BOARDS PRIVATE LIMITED,suvarnadurgagroupsdgsuvarnadurgapaperboardspvtltd,SUVARNA DURGA GROUP <suvarnadurgagroup@spinetechnologies.in>,,Yes,Add Outlook group/email here when ready.
PANKAJ FASHION PVT LTD,pankajfashionpvtltd,PANKAJ FASHION PVT LTD <pankajfashionpvtltd@spinetechnologies.in>,,Yes,Add Outlook group/email here when ready.
STORM FINANCIAL SERVICES,stormfinancialservices,STORM FINANCIAL SERVICES <stormfinancialservices@spinetechnologies.in>,,Yes,Add Outlook group/email here when ready.
SYMBIOSIS CENTRE FOR DISTANCE LEARNING/SYMBIOSIS OPEN EDUCATION SOCIETY (SDCL),symbiosiscentrefordistancelearningsymbiosisopeneducationsocietysdcl,SYMBIOSIS CENTRE FOR DISTANCE LEARNING (SDCL) <symbiosiscentrefordistancelearningsdcl@spinetechnologies.in>,,Yes,Add Outlook group/email here when ready.
SHRI JANARDAN SWAMI HOSPITAL (SJS),shrijanardanswamihospitalsjs,RASHTRASANT JANARDHAN SWAMI GROUP OF INSTITUTES <rashtrasantjanardhanswamigroupofinstitutes@spinetechnologies.in>,,Yes,Add Outlook group/email here when ready.
RUPA SOLUTIONS PRIVATE LIMITED / RUPA GROUP / RUPA PROPERTIES,rupasolutionspvtltdrupagrouprupaproperties,RUPA SOLUTIONS PRIVATE LIMITED <rupasolutionsprivatelimited@spinetechnologies.in>,,Yes,Add Outlook group/email here when ready.
TRIO JEWELS PVT LTD,triojewelspvtltd,TRIO JEWELS PVT LTD <triojewelspvtltd@spinetechnologies.in>,,Yes,Add Outlook group/email here when ready.
VOGUE N HYDE PRIVATE LIMITED/ MODAPELLE BAGS & ACCESSORIES PRIVATE LIMITED,voguenhydepvtltdmodapellebagsaccessoriespvtltd,VOGUE N HYDE PVT. LTD <voguenhydepvt.ltd@spinetechnologies.in>,,Yes,Add Outlook group/email here when ready.
GNG ELECTRONICS LIMITED / ELECTRONICS BAZAAR - FOR STAFF LICENSE CONVERSION TO NG,gngelectronicsltdelectronicsbazaarforstafflicenseconversiontong,GNG ELECTRONICS LIMITED STAFF <gngelectronicslimitedstaff@spinetechnologies.in>,,Yes,Add Outlook group/email here when ready.
TRIO JEWELS PVT LTD Contractual,triojewelspvtltdcontractual,TRIO JEWELS PVT LTD <triojewelspvtltd@spinetechnologies.in>,,Yes,Add Outlook group/email here when ready.
NIVAN BALAJI AUTOMOVERS PRIVATE LIMITED / BALAJI KIA - CAR SHOWROOM,nivanbalajiautomoverspvtltdbalajikiacarshowroom,NIVAN BALAJI AUTOMOVERS PRIVATE LIMITED <nivanbalajiautomoversprivatelimited@spinetechnologies.in>,,Yes,Add Outlook group/email here when ready.
CAM TOOLS INDUSTRIES PVT LTD / DIGITAL TOOL ROOM,camtoolsindustriespvtltddigitaltoolroom,CAM TOOLS INDUSTRIES PVT LTD <camtoolsindustriespvtltd@spinetechnologies.in>,,Yes,Add Outlook group/email here when ready.
AEGIS PRECISION PVT LTD // SHIMNIT INDIA PVT. LTD,aegisprecisionpvtltdshimnitindiapvtltd,,,No,Add Outlook group/email here when ready.
BFMS FACILITY MANAGEMENT PVT LTD,bfmsfacilitymanagementpvtltd,BFMS FACILITY MANAGEMENT PVT LTD <bfmsfacilitymanagementpvtltd@spinetechnologies.in>,,Yes,Add Outlook group/email here when ready.
CRYOGAS EQUIPMENT PRIVATE LIMITED/CRYOGAS INDIA,cryogasequipmentpvtltdcryogasindia,CRYOGAS EQUIPMENT PRIVATE LIMITED NG <cryogasequipmentprivatelimitedng@spinetechnologies.in>,,Yes,Add Outlook group/email here when ready.
Vivan Associate,vivanassociate,,,No,Add Outlook group/email here when ready.
Mansha Agencies,manshaagencies,MANSHA AGENCIES PVT LTD <manshaagenciespvtltd@spinetechnologies.in>,,Yes,Add Outlook group/email here when ready.
Muktangan Education Trust,muktanganeducationtrust,MUKTANGAN EDUCATION TRUST NX <muktanganeducationtrustnx@spinetechnologies.in>,,Yes,Add Outlook group/email here when ready.
EMPREO PREMIUM PVT LTD,empreopremiumpvtltd,EMPREO PREMIUM PVT LTD <empreopremiumpvtltd@spinetechnologies.in>,,Yes,Add Outlook group/email here when ready.
EMPREO WHEEL PVT LIMITED (MG),empreowheelpvtltdmg,,,No,Add Outlook group/email here when ready.
SHREEKHETRA AUTOMOTIVE (TATA),shreekhetraautomotivetata,,,No,Add Outlook group/email here when ready.
AMAL EMBROIDERIES PVT. LTD,amalembroideriespvtltd,AMAL EMBROIDERIES PRIVATE LIMITED <amalembroideriesprivatelimited@spinetechnologies.in>,,Yes,Add Outlook group/email here when ready.
MULTI ORGANICS PVT LTD,multiorganicspvtltd,MULTI ORGANICS PVT LTD <multiorganicspvtltd@spinetechnologies.in>,,Yes,Add Outlook group/email here when ready.
MANJUSHREE INNOVATIONS PVT. LTD,manjushreeinnovationspvtltd,MANJUSHREE INNOVATIONS PRIVATE LIMITED <manjushreeinnovationsprivatelimited@spinetechnologies.in>,,Yes,Add Outlook group/email here when ready.
BSA CORPORATION LIMITED / BSA GROUP,bsacorporationltdbsagroup,,,No,Add Outlook group/email here when ready.
INTEGRATED PEST MANAGEMENT SOLUTIONS (INDIA) PVT. LTD. (IPMS INDIA),integratedpestmanagementsolutionsindiapvtltdipmsindia,,,No,Add Outlook group/email here when ready.
SACRED HEART HOSPITAL JAL,sacredhearthospitaljal,,,No,Add Outlook group/email here when ready.
VED INDUSTRIES/ ROHIDA GROUP,vedindustriesrohidagroup,,,No,Add Outlook group/email here when ready.
ITC FORTUNE HOTEL-SILIGURI / CKIM PROMOTERS LLP / FORTUNE SELECT SILIGURI,itcfortunehotelsiligurickimpromotersllpfortuneselectsiliguri,,,No,Add Outlook group/email here when ready.
SHREE DHOLI SATI TEXTILES PRIVATE LIMITED,shreedholisatitextilespvtltd,,,No,Add Outlook group/email here when ready.
ANS NG,ansng,,,No,Add Outlook group/email here when ready.
STERLING LIFESTYLE LLP,sterlinglifestylellp,,,No,Add Outlook group/email here when ready.
ACN HEALTHCARE RCM SERVICES PRIVATE LIMITED / ACN INFOTECH,acnhealthcarercmservicespvtltdacninfotech,,,No,Add Outlook group/email here when ready.
HELL ENERGY PVT LTD,hellenergypvtltd,,,No,Add Outlook group/email here when ready.
VISHWAKARMA FOUNDERS (I) PVT. LTD,vishwakarmafoundersipvtltd,,,No,Add Outlook group/email here when ready.
AKRITI PHARMACEUTICALS PVT LTD,akritipharmaceuticalspvtltd,,,No,Add Outlook group/email here when ready.
CREATIONS BY SHANAGAR,creationsbyshanagar,,,No,Add Outlook group/email here when ready.
FABTECH MULTI STATE COOPERATIVE CREDIT SOCIETY (FMSCCS),fabtechmultistatecooperativecreditsocietyfmsccs,,,No,Add Outlook group/email here when ready.
JIET MEDICAL COLLEGE HOSPITAL,jietmedicalcollegehospital,,,No,Add Outlook group/email here when ready.
MAHATMA PHULE CHARITABLE TRUST/MPCT HOSPITAL / SURANA GROUP OF HOSPITAL / SURANA HOSPITAL / SURANA HOSPITAL AND RESEARCH CENTRE,mahatmaphulecharitabletrustmpcthospitalsuranagroupofhospitalsuranahospitalsuranahospitalandresearchcentre,,,No,Add Outlook group/email here when ready.
SURANA CHARITABLE TRUST / SURANA HOSPITAL AND RESEARCH CENTRE / MPCT HOSPITAL / SURANA GROUP OF HOSPITAL / SURANA HOSPITAL,suranacharitabletrustsuranahospitalandresearchcentrempcthospitalsuranagroupofhospitalsuranahospital,,,No,Add Outlook group/email here when ready.
SURANA GROUP OF HOSPITAL / SURANA HOSPITAL,suranagroupofhospitalsuranahospital,,,No,Add Outlook group/email here when ready.
ALSHIFA MULTI SPECIALTY HOSPITAL / HUMAN WELFARE TRUST,alshifamultispecialtyhospitalhumanwelfaretrust,,,No,Add Outlook group/email here when ready.
NAVKAR CORPORATION LIMITED,navkarcorporationltd,,,No,Add Outlook group/email here when ready.
THE KANDIVALI EDUCATION SOCIETY,thekandivalieducationsociety,,,No,Add Outlook group/email here when ready.
CONTENDRE GREENERGY PVT. LTD,contendregreenergypvtltd,,,No,Add Outlook group/email here when ready.
DIPESH ENGINEERING WORKS -STAFF LICENSE NG,dipeshengineeringworksstafflicenseng,,,No,Add Outlook group/email here when ready.
Saffron Speciality Papers Limited,saffronspecialitypapersltd,,,No,Add Outlook group/email here when ready.
PERFECT BELTS PVT. LTD,perfectbeltspvtltd,,,No,Add Outlook group/email here when ready.
APMOSYS TECHNOLOGIES PVT LTD,apmosystechpvtltd,,,No,Add Outlook group/email here when ready.
